,topic_velocity,sentiment_trend,velocity_norm,sentiment_norm,feature_fatigue_index,topic_label
3,10.599999999999982,-0.028456758065474548,1.0,0.037387107981885125,0.9626128920181148,Feature Requests & Interface Overload
2,4.600000000000002,-0.009728386240786329,0.3877551020408174,0.24954466307617743,0.2909928857459729,Core User Experience & Usability
4,1.9999999999999925,-0.03175713386129909,0.1224489795918364,0.0,0.1224489795918364,Customer Support & Accessibility
0,0.999999999999999,-0.01973074613999386,0.020408163265306287,0.13623656340508444,0.017627825236631072,General App Satisfaction
1,0.7999999999999977,-0.004318482800982808,0.0,0.31082878845710993,0.0,Platform Reliability & Trust
5,1.8999999999999961,0.05651863749345892,0.11224489795918367,1.0,0.0,Minor UI Feedback & Responsiveness
